Link Name,Center of Mass X,Center of Mass Y,Center of Mass Z,Center of Mass Roll,Center of Mass Pitch,Center of Mass Yaw,Mass,Moment Ixx,Moment Ixy,Moment Ixz,Moment Iyy,Moment Iyz,Moment Izz,Visual X,Visual Y,Visual Z,Visual Roll,Visual Pitch,Visual Yaw,Mesh Filename,Color Red,Color Green,Color Blue,Color Alpha,Collision X,Collision Y,Collision Z,Collision Roll,Collision Pitch,Collision Yaw,Collision Mesh Filename,Material Name,SW Components,Coordinate System,Axis Name,Joint Name,Joint Type,Joint Origin X,Joint Origin Y,Joint Origin Z,Joint Origin Roll,Joint Origin Pitch,Joint Origin Yaw,Parent,Joint Axis X,Joint Axis Y,Joint Axis Z,Limit Effort,Limit Velocity,Limit Lower,Limit Upper,Calibration rising,Calibration falling,Dynamics Damping,Dynamics Friction,Safety Soft Upper,Safety Soft Lower,Safety K Position,Safety K Velocity
base_link,0.0232261646771177,0.00976191360976855,0.0872144850724045,0,0,0,0.357167923727305,0.000392114500575742,-4.49259695189766E-08,5.78512702264721E-08,0.000205317241420605,-4.59327733116678E-07,0.000212416122465017,0,0,0,0,0,0,package://leg_V2/meshes/base_link.STL,0.792156862745098,0.819607843137255,0.933333333333333,1,0,0,0,0,0,0,package://leg_V2/meshes/base_link.STL,,GO-M8010-6电机3D模型.stp-3,Origin_global,,,,0,0,0,0,0,0,,0,0,0,,,,,,,,,,,,
link1,0.0094746,9.136E-05,0.045871,0,0,0,0.9473,0.00078518,3.1299E-07,7.3036E-05,0.00076332,1.4387E-06,0.0011187,0,0,0,0,0,0,package://leg_V2/meshes/link1.STL,0.89804,0.91765,0.92941,1,0,0,0,0,0,0,package://leg_V2/meshes/link1.STL,,大腿_旋转关节_连接片1_91_未扩孔-1;大腿电机连接件1_打印_01_未扩孔-1;GO-M8010-6电机3D模型.stp-1;8115-6安装尺寸图.stp-1/8108-6_简化_1.stp-1;8115-6安装尺寸图.stp-1/MD100驱动盖.stp-1;8115-6安装尺寸图.stp-1/螺钉 GB_T 70.1 M2 x 10.stp-3;8115-6安装尺寸图.stp-1/螺钉 GB_T 70.1 M2 x 10.stp-2;8115-6安装尺寸图.stp-1/螺钉 GB_T 70.1 M2 x 10.stp-6;8115-6安装尺寸图.stp-1/螺钉 GB_T 70.1 M2 x 10.stp-5;8115-6安装尺寸图.stp-1/螺钉 GB_T 70.1 M2 x 10.stp-4;8115-6安装尺寸图.stp-1/螺钉 GB_T 70.1 M2 x 10.stp-1,胯关节坐标系,胯关节基准轴,joint1,revolute,-0.057858,-0.040114,0.0098231,1.5708,0,0,base_link,0,-1,0,0,0,0,0,,,,,,,,
link2,-0.00034926,-0.26434,-0.011244,0,0,0,0.1966,0.00042657,2.0912E-19,8.8924E-21,7.5388E-05,-7.0744E-08,0.00049709,0,0,0,0,0,0,package://leg_V2/meshes/link2.STL,1,1,1,1,0,0,0,0,0,0,package://leg_V2/meshes/link2.STL,,大腿腿板1_厚10_碳板_02_未扩孔-1;大腿腿板1_厚10_碳板_02_未扩孔-2;大腿同步轮链接片_铝-1;同步带轮3M-30T-2;CB4-45.stp-3;CB4-45.stp-2;CB4-45.stp-1;CB4-12.stp-1;CB4-12.stp-2;CB4-12.stp-8;CB4-45.stp-8;CB4-45.stp-7;CB4-45.stp-6;CB4-45.stp-11;CB4-45.stp-9;CB4-45.stp-5;CB4-12.stp-5;CB4-12.stp-6;CB4-12.stp-3;CB4-12.stp-4;CB4-45.stp-4;CB4-12.stp-7,大腿关节坐标系,大腿关节基准轴,joint2,revolute,0.00034926,0.22997,-0.0082,0,0,0,link1,-1,0,0,0,0,0,0,,,,,,,,
link3,-1.0146E-05,0.095136,-0.0062383,0,0,0,0.085285,0.00017599,-3.3662E-08,4.1111E-22,1.0357E-05,9.1803E-20,0.00018571,0,0,0,0,0,0,package://leg_V2/meshes/link3.STL,1,1,1,1,0,0,0,0,0,0,package://leg_V2/meshes/link3.STL,,小腿背板_4mm-1;小腿连杆板件V2_厚5_碳板_01_已扩孔-2;skf_washer_as_0821-2;skf_thrust_bearing_axk_0821_tn_2-3;skf_thrust_bearing_axk_0821_tn_2-1;skf_washer_as_0821-1;skf_washer_as_0821-5;skf_washer_as_0821-6;同步带轮3M-30T-1,膝关节坐标系,膝关节基准轴,joint3,revolute,0.00024263,-0.52997,-0.008,0,0,0.0039459,link2,1,0,0,0,0,0,0,,,,,,,,
wheel_Link,3.2334E-06,-0.024662,-0.00013817,0,0,0,0.3389,0.00022698,3.4014E-10,1.9684E-09,0.00036552,-5.5504E-08,0.00022432,0,0,0,0,0,0,package://leg_V2/meshes/wheel_Link.STL,0.75294,0.75294,0.75294,1,0,0,0,0,0,0,package://leg_V2/meshes/wheel_Link.STL,,DDSM115 STEP.step-1;腿—足端-1,轮子关节坐标系,轮子基准轴,wheel_joint,fixed,-4.8286E-05,0,-0.012,1.5708,0,-0.0003219,link3,-1,0,0,0,0,0,0,,,,,,,,
